<?xml version="1.0" encoding="UTF-8"?>
<beans:beans xmlns="http://www.springframework.org/schema/mvc"
	xmlns:xsi="http://www.w3.org/2001/XMLSchema-instance"
	xmlns:beans="http://www.springframework.org/schema/beans"
	xmlns:context="http://www.springframework.org/schema/context"
	xsi:schemaLocation="http://www.springframework.org/schema/mvc http://www.springframework.org/schema/mvc/spring-mvc.xsd
		http://www.springframework.org/schema/beans http://www.springframework.org/schema/beans/spring-beans.xsd
		http://www.springframework.org/schema/context http://www.springframework.org/schema/context/spring-context.xsd">

	<!-- DispatcherServlet Context: defines this servlet's request-processing infrastructure -->
	
	<!-- el resto del codigo -->
	<annotation-driven />

	<!-- Handles HTTP GET requests for /resources/** by efficiently serving up static resources in the ${webappRoot}/resources directory -->
	<resources mapping="/resources/**" location="/resources/" />

	<!-- Resolves views selected for rendering by @Controllers to .jsp resources in the /WEB-INF/views directory -->
	<beans:bean class="org.springframework.web.servlet.view.InternalResourceViewResolver">
		<beans:property name="prefix" value="/WEB-INF/views/" />
		<beans:property name="suffix" value=".jsp" />
	</beans:bean>
	
	<context:component-scan base-package="com.ingesoft.compraweb" />
	<!-- el resto del codigo -->
	<beans:bean id="tilesConfigurer" class="org.springframework.web.servlet.view.tiles3.TilesConfigurer">
        <beans:property name="definitions">
            <beans:list>
                <beans:value>/WEB-INF/spring/tiles-definitions.xml</beans:value>
            </beans:list>
        </beans:property>
    </beans:bean>
    <!-- el resto del codigo -->
    <beans:bean id="mailSender" class="org.springframework.mail.javamail.JavaMailSenderImpl">
		<beans:property name="host" value="smtp.gmail.com" />  	
		<beans:property name="defaultEncoding" value="UTF-8"/>
		<beans:property name="port" value="587" />
		<beans:property name="username" value="pavel.alvaro@gmail.com" />	
 		<beans:property name="password" value="2016Pavel" />
		<beans:property name="javaMailProperties">
		<beans:props>
       	      <beans:prop key="mail.transport.protocol">smtp</beans:prop>
       	      <beans:prop key="mail.smtp.auth">true</beans:prop>
	   
       	      <beans:prop key="mail.smtp.starttls.enable">true</beans:prop>
       	      <beans:prop key="mail.debug">true</beans:prop>
       	</beans:props>
		</beans:property>
	</beans:bean>
 
 	<beans:bean id="velocityEngine" class="org.springframework.ui.velocity.VelocityEngineFactoryBean">
		<beans:property name="resourceLoaderPath" value="/WEB-INF/views/velocity/"/>
	</beans:bean>
 
 	 <beans:bean id="velocityConfig" class="org.springframework.web.servlet.view.velocity.VelocityConfigurer">
        <beans:property name="resourceLoaderPath" value="/WEB-INF/views/velocity/"/>
	</beans:bean>
	
	<beans:bean id="velocityViewResolver" class="org.springframework.web.servlet.view.velocity.VelocityViewResolver">
    	<beans:property name="suffix"><beans:value>.vm</beans:value></beans:property>
    </beans:bean>
     
	<beans:bean id="mailMail" class="com.ingesoft.compraweb.modelo.MailMail">
		<beans:property name="mailSender" ref="mailSender" />
		<beans:property name="velocityEngine" ref="velocityEngine"/>
	</beans:bean>
	<!-- el resto del codigo -->
	<beans:bean id="multipartResolver" class="org.springframework.web.multipart.commons.CommonsMultipartResolver">
	    <!-- max file size in bytes -->
	    <beans:property name="maxUploadSize" value="900000000" />
	    <!-- other properties... -->
    </beans:bean>
    
</beans:beans>
