<?xml version="1.0" encoding="UTF-8"?>
<beans xmlns="http://www.springframework.org/schema/beans"
	   xmlns:xsi="http://www.w3.org/2001/XMLSchema-instance"
	   xmlns:mongo="http://www.springframework.org/schema/data/mongo"
	   xsi:schemaLocation="http://www.springframework.org/schema/beans
						http://www.springframework.org/schema/beans/spring-beans.xsd
						http://www.springframework.org/schema/data/mongo
						http://www.springframework.org/schema/data/mongo/spring-mongo-1.0.xsd">
	
	<mongo:mongo id="mongo"  host="localhost" port="27017"/>
	<mongo:db-factory id="mongoDbFactory" dbname="compraweb" mongo-ref="mongo"/>
 	<mongo:mapping-converter id="converter" db-factory-ref="mongoDbFactory"/>	
 	
	<bean id="mongoTemplate" class="org.springframework.data.mongodb.core.MongoTemplate">
    	<constructor-arg name="mongoDbFactory" ref="mongoDbFactory" />
	</bean>
	<!-- el resto del codigo -->
	<bean id="gridTemplate" class="org.springframework.data.mongodb.gridfs.GridFsTemplate">
		<constructor-arg ref="mongoDbFactory" />
		<constructor-arg ref="converter" />
	</bean>
	
	<bean id="metodosDAO" class="com.ingesoft.compraweb.servicio.ImplementDAO" >
    	<constructor-arg name="em" ref="mongoTemplate"/>
    	<constructor-arg name="gridfsOps" ref="gridTemplate"/><!-- nuevo codigo -->
 	</bean>
 	<!-- el resto del codigo -->
 	<bean class="org.springframework.dao.annotation.PersistenceExceptionTranslationPostProcessor" />
 	
 	<bean id="accesoMongoDB" class="com.ingesoft.compraweb.servicio.AccesoMongoDB" >
 		<constructor-arg name="mongoOps" ref="mongoTemplate"/>
 	</bean>	
 	
 	<bean id="messageSource" class="org.springframework.context.support.ResourceBundleMessageSource">  
     	<property name="basename" value="myMessages" />
     	<property name="useCodeAsDefaultMessage" value="true" />
	</bean>
 	
  	
</beans>
