<?xml version="1.0" encoding="UTF-8"?>
<beans xmlns="http://www.springframework.org/schema/beans"
xmlns:security="http://www.springframework.org/schema/security"
xmlns:xsi="http://www.w3.org/2001/XMLSchema-instance"
xsi:schemaLocation="http://www.springframework.org/schema/beans
http://www.springframework.org/schema/beans/spring-beans-3.0.xsd
http://www.springframework.org/schema/security
http://www.springframework.org/schema/security/spring-security-3.2.xsd">
<!-- el resto del codigo -->
<security:http security="none" pattern="/resources/images/**"/>
<security:http security="none" pattern="/resources/css/**"/>
<security:http security="none" pattern="/resources/js/**"/>
<security:http security="none" pattern="/resources/fonts/**"/>
<!-- el resto del codigo -->
<security:http use-expressions="true" auto-config="true" access-denied-page="/seguridad/denegado">
	<security:intercept-url pattern="/seguridad/ingreso" access="permitAll" />
	<security:intercept-url pattern="/usuario/listar" access="hasAnyRole('ROLE_OPE,ROLE_ADM')" />
	<security:intercept-url pattern="/usuario/nuevo" access="hasAnyRole('ROLE_OPE,ROLE_ADM')" />
	<security:intercept-url pattern="/usuario/modificar" access="hasRole('ROLE_ADM')" />
	<security:intercept-url pattern="/usuario/buscar" access="hasRole('ROLE_ADM')" />
	<security:intercept-url pattern="/**" access="isAuthenticated()" />
	<security:form-login always-use-default-target="true" login-processing-url="/seguridad/j_spring_security_check" 
							login-page="/seguridad/ingreso" 
							authentication-failure-url="/seguridad/ingreso?error" 
							default-target-url="/seguridad/bienvenida"/>
	
	
	<security:session-management session-fixation-protection="migrateSession">
		<security:concurrency-control max-sessions="1" expired-url="/seguridad/ingreso?error=expired" error-if-maximum-exceeded="true"/>
	</security:session-management>
							
</security:http>

<security:authentication-manager>
		<security:authentication-provider user-service-ref="accesoMongoDB">
			<security:password-encoder hash="plaintext" />
		</security:authentication-provider>
	</security:authentication-manager>
</beans>